City_ID,City,Lat,Lng,Max Temp,Humidity,Cloudiness,Wind Speed,Country,Date
0,westport,41.1415,-73.3579,1.02,72,0,2.06,US,1701927765
1,mejit,10.2753,170.8646,27.56,83,76,10.92,MH,1701927766
2,whitehorse,60.7161,-135.0538,-1.57,80,100,6.69,CA,1701927767
3,puerto natales,-51.7236,-72.4875,3.64,94,2,2.02,CL,1701927768
4,toledo,39.8333,-4.0,6.84,81,99,1.6,ES,1701927769
5,hermanus,-34.4187,19.2345,26.45,37,2,1.33,ZA,1701927771
6,piti village,13.4626,144.6933,31.49,72,40,5.66,GU,1701927773
7,fada,9.5667,8.3,19.89,20,21,2.79,NG,1701927774
8,bilibino,68.0546,166.4372,-32.5,100,100,1.5,RU,1701927775
9,edinburgh of the seven seas,-37.0676,-12.3116,13.99,75,11,6.04,SH,1701927776
10,st. john's,47.5649,-52.7093,-3.95,90,20,2.24,CA,1701927747
11,grytviken,-54.2811,-36.5092,-1.53,92,100,12.67,GS,1701927778
12,slave lake,55.2834,-114.769,-6.01,100,100,1.54,CA,1701927493
13,loreto,22.2667,-101.9667,12.37,79,100,3.19,MX,1701927700
14,iqaluit,63.7506,-68.5145,-13.15,78,0,1.03,CA,1701927781
15,port-aux-francais,-49.35,70.2167,4.72,80,100,7.72,TF,1701927782
16,larache,35.1932,-6.1557,17.31,87,93,3.06,MA,1701927783
17,bengkulu,-3.8004,102.2655,27.65,82,89,3.72,ID,1701927784
18,bredasdorp,-34.5322,20.0403,20.6,70,24,3.41,ZA,1701927785
19,tommot,58.9564,126.2925,-33.6,96,99,1.28,RU,1701927786
20,tubarjal,30.4999,38.216,15.01,67,50,2.21,SA,1701927787
21,adamstown,-25.066,-130.1015,22.68,81,37,6.34,PN,1701927789
22,margaret river,-33.95,115.0667,19.28,62,100,10.81,AU,1701927790
23,yuzhno-kurilsk,44.0306,145.8556,7.43,84,100,12.83,RU,1701927791
24,placido de castro,-10.3353,-67.1856,22.72,100,99,0.71,BR,1701927792
25,kodiak,57.79,-152.4072,2.73,52,0,7.2,US,1701927793
26,waitangi,-43.9535,-176.5597,14.9,94,100,4.47,NZ,1701927794
27,madang,-5.2246,145.7966,29.16,75,96,2.27,PG,1701927795
28,albany,42.6001,-73.9662,-2.4,78,32,2.94,US,1701927797
29,constantia,44.1833,28.65,2.38,91,100,6.31,RO,1701927798
30,saint david's,12.0333,-61.6667,26.69,89,20,6.69,GD,1701927799
31,nepanagar,21.4667,76.4,24.11,69,72,4.02,IN,1701927800
32,ghat,24.9647,10.1728,15.47,21,3,2.31,LY,1701927801
33,bubaque,11.2833,-15.8333,27.32,67,7,2.51,GW,1701927802
34,ust-nera,64.5667,143.2,-45.22,92,73,0.78,RU,1701927803
35,qaqortoq,60.7167,-46.0333,-1.35,69,100,2.89,GL,1701927804
36,tura,25.5198,90.2201,19.09,83,100,0.5,IN,1701927805
37,east london,-33.0153,27.9116,20.52,83,0,3.6,ZA,1701927806
38,sur,22.5667,59.5289,25.03,41,0,1.57,OM,1701927808
39,avarua,-21.2078,-159.775,25.03,83,75,6.69,CK,1701927809
40,kuanda,56.3161,116.0806,-27.96,91,70,0.57,RU,1701927810
41,arraial do cabo,-22.9661,-42.0278,22.15,97,48,2.66,BR,1701927811
42,anahuac,27.2333,-100.15,18.83,63,100,7.21,MX,1701927812
43,yellowknife,62.456,-114.3525,-7.71,93,100,2.57,CA,1701927813
44,opuwo,-18.0607,13.84,22.35,66,94,1.1,NA,1701927814
45,college,64.8569,-147.8028,-14.82,86,100,1.54,US,1701927815
46,cabedelo,-6.9811,-34.8339,25.37,85,61,1.67,BR,1701927816
47,ushuaia,-54.8,-68.3,6.81,93,75,10.8,AR,1701927802
48,jamestown,42.097,-79.2353,-0.16,97,100,3.09,US,1701927587
49,mananjary,-21.2167,48.3333,25.52,77,99,1.44,MG,1701927819
50,alofi,-19.0595,-169.9187,27.94,78,29,4.12,NU,1701927820
51,nikol'sk,53.7189,46.0712,-19.79,100,65,1.39,RU,1701927821
52,kingston,17.997,-76.7936,27.53,84,20,1.54,JM,1701927444
53,ribeira grande,38.5167,-28.7,15.43,81,67,1.79,PT,1701927823
54,makhambet,47.6667,51.5833,-2.36,56,100,7.49,KZ,1701927824
55,doganyol,38.3118,39.0382,6.81,92,100,0.89,TR,1701927825
56,port blair,11.6667,92.75,30.02,79,40,2.06,IN,1701927826
57,thompson,55.7435,-97.8558,-8.91,92,0,1.03,CA,1701927827
58,hasaki,35.7333,140.8333,20.16,47,0,13.16,JP,1701927827
59,sarankhola,22.3082,89.7897,23.96,72,100,2.85,BD,1701927828
60,al jawf,29.5,38.75,15.19,54,2,2.65,SA,1701927829
61,ciudad insurgentes,25.2625,-111.7753,19.21,63,0,3.81,MX,1701927830
62,glendive,47.1053,-104.7125,7.32,65,0,4.12,US,1701927832
63,enriquillo,17.9,-71.2333,23.69,82,11,2.17,DO,1701927833
64,olonkinbyen,70.9221,-8.7187,-3.51,84,100,6.02,SJ,1701927834
65,mandalgovi,45.7625,106.2708,2.07,48,62,9.17,MN,1701927835
66,afaahiti,-17.75,-149.2833,23.93,91,100,9.79,PF,1701927836
67,esfarayen,37.0765,57.5101,5.81,23,67,1.95,IR,1701927837
68,wailua homesteads,22.0669,-159.378,23.44,88,20,5.14,US,1701927839
69,yarmouth,41.7057,-70.2286,1.09,70,100,5.81,US,1701927841
70,eyl,7.9803,49.8164,28.11,33,79,8.9,SO,1701927842
71,hammerfest,70.6634,23.6821,-5.75,68,30,9.26,NO,1701927844
72,magadan,59.5667,150.8,-12.1,94,100,8.21,RU,1701927846
73,richards bay,-28.783,32.0377,19.73,93,100,1.28,ZA,1701927847
74,kilindoni,-7.9139,39.6668,27.64,79,93,1.87,TZ,1701927849
75,baihar,22.1,80.55,17.88,95,100,1.25,IN,1701927850
76,al bawiti,28.3492,28.8659,14.69,49,65,1.59,EG,1701927851
77,bethel,41.3712,-73.414,-0.59,73,0,1.54,US,1701927569
78,gorom-gorom,14.4439,-0.2361,21.95,17,1,3.56,BF,1701927853
79,chonchi,-42.6128,-73.8092,8.56,92,27,1.22,CL,1701927854
80,tiksi,71.6872,128.8694,-30.45,100,94,3.62,RU,1701927855
81,tuyen quang,21.8233,105.2181,25.8,45,59,1.06,VN,1701927856
82,prado,-17.3411,-39.2208,23.46,92,2,1.43,BR,1701927857
83,santana,-0.0583,-51.1817,26.1,94,75,1.54,BR,1701927858
84,stanley,54.868,-1.6985,4.32,87,40,4.12,GB,1701927859
85,kogalym,62.2654,74.4791,-32.71,91,10,4.23,RU,1701927860
86,klyuchi,52.2667,79.1667,-15.74,70,100,5.87,RU,1701927861
87,hawaiian paradise park,19.5933,-154.9731,22.16,93,75,2.06,US,1701927861
88,jaguey grande,22.5269,-81.1286,17.94,63,90,3.71,CU,1701927862
89,puerto ayora,-0.7393,-90.3518,23.84,85,77,3.35,EC,1701927863
90,hithadhoo,-0.6,73.0833,27.39,78,94,3.82,MV,1701927864
91,mormugao,15.4,73.8,29.59,54,20,3.6,IN,1701927865
92,pisco,-13.7,-76.2167,19.03,88,0,4.63,PE,1701927866
93,torit,4.4133,32.5678,29.99,42,21,1.45,SS,1701927867
94,loa janan,-0.583,117.095,30.31,82,77,1.22,ID,1701927868
95,vila franca do campo,37.7167,-25.4333,18.27,99,100,3.37,PT,1701927869
96,invercargill,-46.4,168.35,12.83,63,98,6.7,NZ,1701927870
97,el alto,-4.2714,-81.2147,20.3,80,79,5.38,PE,1701927871
98,sitka,57.0531,-135.33,4.94,75,75,4.12,US,1701927872
99,natal,-5.795,-35.2094,26.12,78,20,4.12,BR,1701927873
100,saint-pierre,-21.3393,55.4781,27.82,69,100,6.17,RE,1701927874
101,port mathurin,-19.6833,63.4167,26.29,76,15,3.14,MU,1701927874
102,tahoua,14.8888,5.2692,19.23,18,33,4.62,NE,1701927875
103,rio grande,-32.035,-52.0986,19.41,94,90,3.07,BR,1701927753
104,uttarkashi,30.7333,78.45,20.53,29,0,1.44,IN,1701927878
105,san patricio,28.017,-97.5169,18.92,85,100,3.3,US,1701927879
106,minot air force base,48.4209,-101.3391,1.66,89,75,2.57,US,1701927880
107,howrah,22.5892,88.3103,20.0,88,100,2.57,IN,1701927881
108,smithers,54.7804,-127.1743,-2.82,100,100,0.0,CA,1701927882
109,rongelap,11.1635,166.8941,27.49,81,100,9.87,MH,1701927883
110,codrington,-38.2667,141.9667,19.26,46,44,5.6,AU,1701927885
111,kapuskasing,49.4169,-82.4331,-4.95,93,100,4.12,CA,1701927886
112,ambon,-3.6954,128.1814,32.08,58,40,6.17,ID,1701927887
113,bonthe,7.5264,-12.505,24.94,92,12,1.8,SL,1701927888
114,mabamba,-3.5983,30.5019,20.22,84,74,0.84,TZ,1701927890
115,gazli,40.1333,63.45,5.56,39,100,8.19,UZ,1701927891
116,okhotsk,59.3833,143.3,-14.79,97,100,5.05,RU,1701927892
117,kursk,51.7303,36.1939,-7.89,85,0,6.0,RU,1701927893
118,ban dung,17.699,103.2596,28.33,38,42,3.18,TH,1701927894
119,san julian,21.0167,-102.1667,11.49,88,100,3.49,MX,1701927895
120,al mindak,20.1588,41.2834,13.78,23,37,1.39,SA,1701927896
121,lukow,51.929,22.3796,-1.15,95,100,5.94,PL,1701927896
122,el bauga,18.262,33.9081,23.11,31,9,5.33,SD,1701927897
123,sechura,-5.5569,-80.8222,19.07,90,55,4.29,PE,1701927898
124,aasiaat,68.7098,-52.8699,-5.38,82,75,7.35,GL,1701927899
125,sinabang,2.4803,96.3801,25.78,88,100,1.46,ID,1701927900
126,laguna,38.421,-121.4238,12.88,92,0,4.12,US,1701927901
127,longyearbyen,78.2186,15.6401,-5.09,63,20,10.29,SJ,1701927901
128,georgetown,5.4112,100.3354,31.97,62,20,4.63,MY,1701927902
129,al muwayh,22.4333,41.7583,21.03,24,77,4.81,SA,1701927903
130,happy valley-goose bay,53.3168,-60.3315,-6.83,68,100,5.66,CA,1701927904
131,jinchang,38.4953,102.1739,11.9,11,0,1.6,CN,1701927905
132,aykhal,66.0,111.5,-24.83,99,100,1.39,RU,1701927906
133,punta arenas,-53.15,-70.9167,7.06,81,0,9.26,CL,1701927907
134,cuajinicuilapa,16.4667,-98.4167,24.67,85,100,1.11,MX,1701927908
135,flin flon,54.7682,-101.865,-6.41,96,89,1.92,CA,1701927909
136,reyes,-14.3167,-67.3833,22.18,96,85,0.47,BO,1701927909
137,sao joao da barra,-21.6403,-41.0511,23.7,90,30,7.48,BR,1701927910
138,namibe,-15.1961,12.1522,23.78,85,100,1.56,AO,1701927911
139,west island,-12.1568,96.8225,28.99,74,75,6.17,CC,1701927912
140,ha'il,27.5219,41.6907,13.01,47,0,1.03,SA,1701927913
141,blackmans bay,-43.0167,147.3167,23.07,57,100,0.45,AU,1701927914
142,nemuro,43.3236,145.575,8.61,93,100,14.71,JP,1701927915
143,kavieng,-2.5744,150.7967,28.53,75,97,3.99,PG,1701927915
144,tolanaro,-25.0319,46.9987,27.04,65,75,6.69,MG,1701927916
145,weno,7.4515,151.8468,25.97,100,100,2.57,FM,1701927917
146,lihue,21.9789,-159.3672,23.77,85,20,5.14,US,1701927918
147,dongola,19.1667,30.4833,17.79,30,3,5.42,SD,1701927919
148,grand falls-windsor,48.9332,-55.6649,-9.44,97,30,1.42,CA,1701927920
149,luderitz,-26.6481,15.1594,18.69,70,27,4.52,NA,1701927921
150,nar'yan-mar,67.6713,53.087,-14.83,97,100,2.91,RU,1701927921
151,badger,64.8,-147.5333,-14.86,86,100,1.54,US,1701927922
152,san luis de la loma,17.2706,-100.8939,25.03,78,97,1.87,MX,1701927923
153,mount gambier,-37.8333,140.7667,22.95,36,42,3.62,AU,1701927924
154,fort bragg,35.139,-79.006,4.34,65,0,3.09,US,1701927925
155,ust'-uda,54.1742,103.0304,-17.36,86,100,5.1,RU,1701927925
156,taitung city,22.7583,121.1444,22.15,60,75,3.6,TW,1701927926
157,yaren,-0.5472,166.916,26.62,90,100,8.08,NR,1701927927
158,tutoia,-2.7619,-42.2744,27.68,74,100,6.89,BR,1701927928
159,markala,13.7021,-6.0659,22.05,18,0,3.65,ML,1701927929
160,chamical,-30.36,-66.314,20.7,79,28,1.82,AR,1701927929
161,udachny,66.4167,112.4,-25.46,99,100,0.67,RU,1701927930
162,lebu,-37.6167,-73.65,12.49,90,0,9.01,CL,1701927931
163,isafjordur,66.0755,-23.124,-2.43,79,30,3.68,IS,1701927932
164,qarazhal,48.0078,70.7903,-7.95,58,25,3.02,KZ,1701927933
165,tazovsky,67.4667,78.7,-20.88,96,100,6.92,RU,1701927934
166,utrik,11.2278,169.8474,27.42,81,74,10.54,MH,1701927934
167,vorgashor,67.5833,63.95,-27.21,98,84,1.71,RU,1701927935
168,nogliki,51.8333,143.1667,-0.37,88,100,0.89,RU,1701927936
169,brady,31.1352,-99.3351,11.96,62,0,2.57,US,1701927937
170,charters towers,-20.1,146.2667,34.33,27,2,6.59,AU,1701927932
171,fale old settlement,-9.3852,-171.2468,29.48,74,55,3.08,TK,1701927939
172,eydhafushi,5.1033,73.0708,28.41,78,100,5.76,MV,1701927940
173,illizi,26.4833,8.4667,9.89,29,0,1.03,DZ,1701927941
174,stanthorpe,-28.6667,151.95,32.46,34,19,4.27,AU,1701927942
175,al faw,29.9776,48.4741,14.0,37,0,1.66,IQ,1701927943
176,suntar,62.1444,117.6319,-41.83,98,58,0.88,RU,1701927944
177,talnakh,69.4865,88.3972,-27.11,100,100,3.01,RU,1701927945
178,ventspils,57.3894,21.5606,-5.04,93,75,3.09,LV,1701927946
179,akureyri,65.6835,-18.0878,-16.04,92,14,1.54,IS,1701927947
180,saldanha,-33.0117,17.9442,16.03,78,0,3.25,ZA,1701927948
181,anadyr,64.75,177.4833,-19.72,84,100,14.0,RU,1701927949
182,prince rupert,54.3161,-130.3201,5.83,84,75,6.17,CA,1701927950
183,hadibu,12.65,54.0333,25.55,66,99,7.93,YE,1701927951
184,moroni,-11.7022,43.2551,28.74,72,99,1.81,KM,1701927952
185,newman,37.3138,-121.0208,13.13,81,24,1.77,US,1701927953
186,kargasok,59.0556,80.8572,-27.8,89,6,5.81,RU,1701927955
187,marquette,46.5333,-87.6335,0.02,82,82,1.34,US,1701927822
188,bel ombre,-4.6167,55.4167,29.91,70,40,6.69,SC,1701927957
189,kimberley,-28.7323,24.7623,19.83,73,0,8.75,ZA,1701927958
190,jiaojiang,28.6803,121.4428,19.26,42,0,1.33,CN,1701927959
191,guarapari,-20.6667,-40.4975,24.38,96,74,2.05,BR,1701927960
192,holualoa,19.6228,-155.9522,23.91,77,100,0.0,US,1701927961
193,huarmey,-10.0681,-78.1522,19.7,88,97,3.61,PE,1701927962
194,kosh-agach,50.0,88.6667,-14.83,84,92,3.58,RU,1701927964
195,mbandjok,4.45,11.9,20.67,96,69,0.15,CM,1701927965
196,puerto boyaca,5.9758,-74.5885,22.33,98,95,1.15,CO,1701927966
197,gaspra,44.4333,34.1,8.54,86,100,5.94,UA,1701927967
198,machico,32.7,-16.7667,18.73,82,20,1.54,PT,1701927968
199,eirunepe,-6.6603,-69.8736,22.54,98,59,0.18,BR,1701927970
200,guanica,17.9716,-66.908,25.03,53,4,1.99,PR,1701927972
201,timbuktu,16.7735,-3.0074,20.92,17,0,3.93,ML,1701927973
202,changji,44.0167,87.3167,4.44,56,0,7.0,CN,1701927974
203,ta`u,-14.2336,-169.5144,27.37,85,66,5.35,AS,1701927975
204,jayapura,-2.5333,140.7,30.66,86,87,3.43,ID,1701927976
205,horta,38.5333,-28.6333,15.01,81,67,1.79,PT,1701927977
206,keflavik,64.0049,-22.5624,2.95,64,0,8.75,IS,1701927978
207,jijel,36.8205,5.7667,9.97,87,20,2.06,DZ,1701927979
208,rio blanco,18.8333,-97.15,17.07,99,100,3.33,MX,1701927980
209,greymouth,-42.4667,171.2,14.07,62,24,4.8,NZ,1701927981
210,qamdo,31.1667,97.2333,-1.29,28,33,0.79,CN,1701927982
211,sabang,5.8933,95.3214,27.9,74,68,3.3,ID,1701927983
212,corcoran,36.098,-119.5604,16.08,59,72,4.92,US,1701927984
213,walvis bay,-22.9575,14.5053,15.61,94,100,0.0,NA,1701927985
214,pitrufquen,-38.9833,-72.65,10.01,93,100,2.06,CL,1701927987
215,dudinka,69.4058,86.1778,-22.4,97,100,4.47,RU,1701927988
216,vilyuysk,63.7553,121.6247,-45.56,100,93,1.34,RU,1701927989
217,la junta,37.985,-103.5438,8.16,31,0,2.06,US,1701927990
218,alesd,47.0667,22.4167,0.34,99,100,1.66,RO,1701927991
219,khanty-mansiysk,61.0042,69.0019,-33.83,62,0,1.0,RU,1701927992
220,port elizabeth,-33.918,25.5701,22.28,94,75,5.14,ZA,1701927996
221,arkhara,49.4212,130.0842,-14.19,94,100,2.47,RU,1701927997
222,thunder bay,48.4001,-89.3168,0.99,86,20,3.09,CA,1701927998
223,haapsalu,58.9431,23.5414,-9.49,86,89,4.36,EE,1701927998
224,rundu,-17.9333,19.7667,25.62,49,100,0.68,NA,1701927999
225,mogadishu,2.0371,45.3438,27.93,74,0,5.14,SO,1701928000
226,ahfir,34.9537,-2.1003,11.34,88,76,1.12,MA,1701928001
227,arkalyk,50.2486,66.9114,-14.74,67,38,3.42,KZ,1701928002
228,sterling,39.0062,-77.4286,2.48,67,0,5.66,US,1701928003
229,ciudad lazaro cardenas,17.9583,-102.2,23.81,83,91,2.23,MX,1701928005
230,ajdabiya,30.7554,20.2263,18.89,51,100,6.67,LY,1701928006
231,northam,51.0333,-4.2167,11.25,95,100,9.83,GB,1701928007
232,ardestan,33.3761,52.3694,14.62,15,5,0.57,IR,1701928008
233,kudymkar,59.0173,54.656,-37.37,100,22,0.94,RU,1701928009
234,i-n-salah,27.1935,2.4607,16.04,38,1,3.52,DZ,1701928010
235,ouani,-12.1322,44.4258,27.76,74,33,0.8,KM,1701928013
236,nova sintra,14.8667,-24.7167,21.25,70,95,8.06,CV,1701928014
237,sommerda,51.15,11.1,2.71,83,100,3.5,DE,1701928015
238,conception bay south,47.4999,-52.9981,-4.08,93,86,0.66,CA,1701927905
239,thulamahashi,-24.7246,31.1994,21.28,89,100,2.01,ZA,1701928017
240,hamilton,39.1834,-84.5333,0.98,87,20,3.09,US,1701927985
241,tayshet,55.9342,98.0044,-24.35,88,100,3.23,RU,1701928019
242,pandan,14.0453,124.1694,28.32,71,60,4.52,PH,1701928020
243,meadow lakes,61.6247,-149.6011,-5.45,90,0,0.0,US,1701928023
244,taro,-8.3862,115.28,26.03,65,47,2.22,ID,1701928024
245,khorinsk,52.1657,109.7726,-15.14,87,100,0.78,RU,1701928025
246,kruisfontein,-34.0033,24.7314,21.05,61,29,1.79,ZA,1701928027
247,siniscola,40.5719,9.6922,6.75,76,20,2.93,IT,1701928028
248,alapa,8.6167,4.3833,21.88,45,87,0.74,NG,1701928030
249,luganville,-15.5333,167.1667,26.03,87,100,4.58,VU,1701928031
250,lubang,13.8584,120.124,28.27,77,81,5.25,PH,1701928032
251,barra do garcas,-15.89,-52.2567,25.93,58,18,1.5,BR,1701927846
252,novyy urgal,51.0736,132.5642,-12.01,80,36,1.1,RU,1701928016
253,bikenibeu village,1.3673,173.1241,28.19,81,100,7.62,KI,1701928035
254,vila do maio,15.1333,-23.2167,22.44,71,96,4.5,CV,1701928036
255,powell river,49.8496,-124.5361,7.0,80,78,2.22,CA,1701928038
256,swift current,50.2834,-107.8014,4.45,81,0,5.66,CA,1701928040
257,aktobe,50.2797,57.2072,-12.95,85,0,2.0,KZ,1701928041
258,coahuayana de hidalgo,18.7,-103.6583,23.92,79,81,2.11,MX,1701928042
259,pogranichnyy,44.4064,131.3769,-5.18,61,21,4.7,RU,1701928044
260,iskateley,67.6803,53.1512,-14.45,96,100,4.19,RU,1701928045
261,mangai,-4.05,19.5333,20.96,100,100,1.28,CD,1701928046
262,tsiombe,-25.3,45.4833,27.18,48,60,8.83,MG,1701928047
263,bastia,42.6667,9.3333,9.61,72,0,5.66,FR,1701928049
264,el matama,16.7095,33.3565,23.75,24,81,6.15,SD,1701928050
265,port lincoln,-34.7333,135.8667,22.91,53,100,3.09,AU,1701928051
266,guerrero negro,27.9769,-114.0611,18.42,77,0,4.53,MX,1701928026
267,bocanda,7.0626,-4.4995,21.69,91,75,0.85,CI,1701928053
268,alenquer,-1.9417,-54.7383,25.19,81,13,1.58,BR,1701928054
269,langres,47.8333,5.3333,-0.84,92,92,2.18,FR,1701928055
270,whakatane,-37.9585,176.9854,23.21,63,17,3.52,NZ,1701928057
271,korla,41.7597,86.1469,4.82,36,54,2.66,CN,1701928058
272,portland,45.5234,-122.6762,9.49,94,100,4.47,US,1701927368
273,saint-philippe,-21.3585,55.7679,27.77,75,18,3.79,RE,1701928060
274,columbus,39.9612,-82.9988,1.29,84,20,2.57,US,1701927546
275,oroqen zizhiqi,50.5667,123.7167,-13.44,51,3,2.03,CN,1701928063
276,papatowai,-46.5619,169.4708,13.31,61,96,6.5,NZ,1701928064
277,lincoln city,44.9582,-124.0179,10.45,95,100,8.94,US,1701928065
278,petropavlovsk-kamchatsky,53.0452,158.6483,-7.53,72,20,2.24,RU,1701928066
279,tremp,42.167,0.8949,5.14,59,72,1.46,ES,1701928067
280,enewetak,11.3474,162.3373,27.73,81,59,9.71,MH,1701928068
281,freetown,8.484,-13.2299,25.84,78,40,2.06,SL,1701928069
282,tenenkou,14.4572,-4.9169,22.13,17,0,3.35,ML,1701928070
283,kotovsk,47.7531,29.532,-2.99,76,100,4.44,UA,1701928071
284,pucallpa,-8.3791,-74.5539,24.02,94,75,2.06,PE,1701927784
285,xilin hot,43.9667,116.0333,1.43,67,100,7.91,CN,1701928073
286,minas de marcona,-15.2119,-75.1103,14.17,87,99,4.39,PE,1701928074
287,saipan,15.1355,145.701,28.39,83,40,4.63,MP,1701928075
288,tabuk,17.4189,121.4443,28.07,71,70,2.7,PH,1701928076
289,wynyard,-41.0,145.7167,20.42,45,98,6.77,AU,1701928077
290,haiku-pauwela,20.9219,-156.3051,23.91,71,20,2.57,US,1701928078
291,mizdah,31.4451,12.9801,10.53,54,26,3.45,LY,1701928079
292,carnarvon,-24.8667,113.6333,25.92,59,0,10.18,AU,1701928080
293,filadelfia,39.9523,-75.1638,2.01,65,40,3.6,US,1701927895
294,reggane,26.7158,0.1714,17.15,34,11,3.6,DZ,1701928082
295,chibougamau,49.9168,-74.3659,-13.21,85,100,0.0,CA,1701928083
296,ivdel',60.6911,60.4206,-37.12,100,37,0.89,RU,1701928084
297,dalandzadgad,43.5708,104.425,7.94,23,40,12.47,MN,1701928085
298,chehalis,46.662,-122.964,8.84,99,100,0.0,US,1701928087
299,mkuranga,-7.118,39.2078,27.55,78,85,2.04,TZ,1701928088
300,kibaya,-5.3,36.5667,20.44,77,60,1.49,TZ,1701928089
301,bereznik,62.8551,42.7072,-23.54,97,43,1.65,RU,1701928090
302,naze,28.3667,129.4833,18.51,55,0,4.13,JP,1701928091
303,matoury,4.8483,-52.3317,25.98,89,75,3.09,GF,1701928092
304,sihanoukville,10.6093,103.5296,30.97,70,40,3.6,KH,1701928093
305,selkirk,50.1436,-96.8845,2.88,80,63,0.89,CA,1701928094
306,uturoa,-16.7333,-151.4333,25.83,83,100,8.6,PF,1701928096
307,misliyah,17.4599,42.5572,27.2,61,7,2.05,SA,1701928097
308,ilulissat,69.2167,-51.1,1.01,47,91,6.69,GL,1701928098
309,nizhneudinsk,54.9076,99.0276,-18.52,88,100,4.58,RU,1701928099
310,nagqu,31.5,92.0,-6.01,50,6,0.8,CN,1701928100
311,juruti,-2.1522,-56.0922,24.69,89,20,1.56,BR,1701928102
312,obo,5.3998,26.4869,24.12,80,16,0.91,CF,1701928104
313,neerpelt,51.2281,5.442,2.63,88,100,2.57,BE,1701928105
314,kapa'a,22.0752,-159.319,24.18,88,20,5.14,US,1701928106
315,al ghayzah,16.2079,52.176,26.01,48,6,2.14,YE,1701928107
316,peniche,39.3558,-9.3811,15.72,90,100,7.09,PT,1701928108
317,monterey,36.2505,-121.2516,10.65,92,42,2.6,US,1701927938
318,quellon,-43.1167,-73.6167,6.88,91,3,1.74,CL,1701928111
319,mangalia,43.8,28.5833,9.01,89,100,7.06,RO,1701928112
320,port saint john's,-31.6229,29.5448,21.0,82,100,3.54,ZA,1701928113
321,hecun,36.5333,114.1111,20.68,15,2,6.56,CN,1701928114
322,toliara,-23.35,43.6667,30.23,54,12,5.56,MG,1701928115
323,cannonvale,-20.2833,148.7,27.66,64,21,8.46,AU,1701928116
324,boldumsaz,42.1282,59.671,-0.97,38,100,8.42,TM,1701928117
325,pitimbu,-7.4706,-34.8086,25.33,79,36,2.41,BR,1701928118
326,labuan,5.2767,115.2417,31.2,70,20,1.54,MY,1701928119
327,ibotirama,-12.1853,-43.2206,21.54,71,6,1.35,BR,1701928120
328,ialibu,-6.2821,143.9935,16.49,95,94,1.57,PG,1701928121
329,erdenet,49.0333,104.0833,0.98,52,61,10.95,MN,1701928122
330,gadzhiyevo,69.2551,33.3362,-15.45,97,70,5.69,RU,1701928123
331,san luis,-33.295,-66.3356,16.67,42,0,2.28,AR,1701928124
332,uvira,-3.4067,29.1458,22.07,73,38,2.23,CD,1701928125
333,atafu village,-8.5421,-172.5159,29.24,75,82,3.52,TK,1701928126
334,pagar alam,-4.0167,103.2667,26.13,85,95,0.68,ID,1701928128
335,sake,-1.5736,29.045,18.34,86,41,0.66,CD,1701928129
336,mana,5.6592,-53.7767,24.88,91,59,3.69,GF,1701928129
337,menongue,-14.6585,17.691,22.43,65,87,2.05,AO,1701928131
338,guanare,9.0418,-69.7421,23.42,65,99,1.47,VE,1701928132
339,gumdag,39.2061,54.5906,7.98,54,77,10.04,TM,1701928134
340,sierra grande,-41.606,-65.3557,14.56,86,73,1.6,AR,1701928135
341,norfolk,42.1668,-71.2495,-2.69,80,0,2.06,US,1701928136
342,fortuna,40.5982,-124.1573,9.64,95,18,1.34,US,1701928137
343,boende,-0.2167,20.8667,21.94,98,100,0.7,CD,1701928138
344,taunusstein,50.15,8.15,-0.19,95,75,0.0,DE,1701928139
345,celestun,20.8667,-90.4,22.87,72,100,5.12,MX,1701928140
346,mirnyy,62.5353,113.9611,-42.65,64,85,0.22,RU,1701928141
347,bukoba,-1.3317,31.8122,19.99,77,75,0.0,TZ,1701928142
348,oltinko'l,40.8011,72.1634,11.53,38,69,1.18,UZ,1701928143
349,bria,6.5423,21.9863,24.51,72,100,0.85,CF,1701928144
350,puerto ayacucho,5.6639,-67.6236,25.92,78,100,0.08,VE,1701928145
351,bargarh,21.3333,83.6167,20.14,91,100,0.95,IN,1701928146
352,wuchang,44.9143,127.15,-9.83,78,2,2.68,CN,1701928147
353,itoman,26.1247,127.6694,23.43,52,20,5.66,JP,1701928148
354,sibolga,1.7427,98.7792,26.32,90,99,1.21,ID,1701928149
355,ulsteinvik,62.3432,5.8487,2.4,72,92,2.68,NO,1701927895
356,port-vila,-17.7338,168.3219,26.78,83,75,6.17,VU,1701928150
357,buka,40.8108,69.1986,7.88,62,100,1.51,UZ,1701928151
358,nuuk,64.1835,-51.7216,6.34,33,94,8.75,GL,1701928152
359,vernon,50.2581,-119.2691,6.45,95,100,0.51,CA,1701928153
360,vadso,70.0744,29.7487,-9.91,79,40,7.2,NO,1701928154
361,new norfolk,-42.7826,147.0587,23.73,29,100,2.7,AU,1701928155
362,harper,4.375,-7.7169,25.51,85,23,1.29,LR,1701928157
363,vangaindrano,-23.35,47.6,23.63,82,100,2.98,MG,1701928159
364,nuku'alofa,-21.1333,-175.2,26.54,74,6,2.5,TO,1701928160
365,turan,16.0678,108.2208,21.99,100,75,2.06,VN,1701928162
366,cidade velha,14.9167,-23.6167,22.26,68,40,3.6,CV,1701928163
367,crane,31.3974,-102.3501,12.77,73,100,7.79,US,1701928164
368,aquidauana,-20.4711,-55.7872,25.47,68,74,0.9,BR,1701928165
369,rakops,-21.0167,24.3333,25.74,38,85,7.32,BW,1701928166
370,kalmunai,7.4167,81.8167,29.22,75,75,4.05,LK,1701928167
371,tuy hoa,13.0833,109.3,26.55,80,81,4.6,VN,1701928168
372,aioun,16.6614,-9.6149,19.41,15,31,4.34,MR,1701928169
373,totoras,-32.5844,-61.1685,16.61,93,0,2.76,AR,1701928170
374,san antonio de pale,-1.4014,5.6325,25.91,85,81,4.86,GQ,1701928171
375,moose jaw,50.4001,-105.5344,0.14,93,94,2.57,CA,1701928172
376,kununurra,-15.7667,128.7333,37.99,32,40,4.12,AU,1701928174
377,brisas de zicatela,15.8369,-97.0419,25.99,66,90,1.84,MX,1701928175
378,mata-utu,-13.2816,-176.1745,28.78,76,98,6.4,WF,1701928175
379,okha,53.5739,142.9478,-0.59,98,100,5.05,RU,1701928176
380,santa cruz,-17.8,-63.1667,24.7,88,20,2.06,BO,1701928177
381,antsiranana,-12.2787,49.2917,30.2,53,29,4.97,MG,1701928179
382,mount pearl,47.5166,-52.7813,-4.41,91,20,1.03,CA,1701928181
383,severnoye,56.3491,78.3619,-31.12,97,8,3.13,RU,1701928182
384,manta,-0.95,-80.7333,24.88,88,75,2.57,EC,1701928183
385,dehdasht,30.7949,50.5646,18.77,27,0,0.36,IR,1701928184
386,vallenar,-28.5708,-70.7581,18.66,49,0,0.33,CL,1701928185
387,viana do castelo,41.6932,-8.8329,13.14,94,100,9.3,PT,1701928186
388,alto araguaia,-17.3147,-53.2153,22.52,68,18,0.93,BR,1701928187
389,sola,-13.8833,167.55,27.2,82,95,7.49,VU,1701928188
390,libreville,0.3925,9.4537,25.01,94,20,3.09,GA,1701928189
391,souillac,-20.5167,57.5167,27.21,83,75,1.54,MU,1701928190
392,nishinoomote,30.7333,131.0,17.31,55,20,9.26,JP,1701928191
393,pundong,-7.9522,110.3486,30.09,64,69,4.23,ID,1701928192
394,decatur,39.8403,-88.9548,3.26,81,0,6.17,US,1701927915
395,vredendal,-31.6683,18.5012,21.11,65,0,3.45,ZA,1701928194
396,santiago de cao,-7.9589,-79.2392,19.07,88,100,3.09,PE,1701928195
397,barceloneta,18.4505,-66.5385,25.15,94,0,2.05,PR,1701928197
398,ust-tsilma,65.441,52.1498,-33.55,100,34,1.34,RU,1701928198
399,muslyumovo,55.3033,53.1947,-31.4,99,55,1.18,RU,1701928200
400,baiyin,36.5583,104.2081,9.43,16,0,3.8,CN,1701928201
401,dili,-8.5586,125.5736,30.12,71,42,1.28,TL,1701928202
402,urangan,-25.3,152.9,28.44,63,0,2.68,AU,1701928204
403,chiavenna,46.3216,9.3986,3.51,74,26,3.91,IT,1701928205
404,diglur,18.55,77.6,25.19,67,79,1.57,IN,1701928207
405,marsh harbour,26.5412,-77.0636,20.82,57,84,9.91,BS,1701928208
406,tagab,34.855,69.6492,15.17,15,2,0.77,AF,1701928211
407,dali,25.7,100.1833,9.82,93,100,0.98,CN,1701928212
408,daru,-9.0763,143.2092,28.71,69,100,3.84,PG,1701928213
409,midway,35.9535,-80.2181,3.05,78,4,2.44,US,1701928214
410,pacific grove,36.6177,-121.9166,13.57,91,75,2.06,US,1701928216
411,mar del plata,-38.0023,-57.5575,16.01,94,100,5.36,AR,1701928205
412,pao de acucar,-9.7483,-37.4367,23.97,85,0,2.04,BR,1701928218
413,mwinilunga,-11.7358,24.4293,20.8,76,99,0.54,ZM,1701928219
414,muravlenko,63.7898,74.523,-32.94,95,33,3.98,RU,1701928220
415,queenstown,-31.8976,26.8753,19.98,66,81,1.27,ZA,1701928221
416,levuka,50.1834,-105.4011,0.9,83,82,1.95,CA,1701928222
417,kutum,14.2,24.6667,16.75,17,35,2.44,SD,1701928223
418,wanaraja,-7.1749,107.9808,29.2,55,72,2.4,ID,1701928225
419,porbandar,21.6422,69.6093,26.99,39,0,5.14,IN,1701928226
420,figuig (centre),32.1089,-1.2286,10.35,71,2,0.97,MA,1701928227
421,huanan,46.2167,130.5167,-12.19,85,11,6.15,CN,1701927946
422,cabo san lucas,22.8909,-109.9124,24.17,76,2,0.45,MX,1701927648
423,kerikeri,-35.2268,173.9474,21.06,74,13,0.45,NZ,1701928230
424,laminusa,5.5549,120.9136,28.43,77,88,3.63,PH,1701928231
425,quibala,-10.7337,14.98,17.91,95,100,0.76,AO,1701928233
426,nakhon thai,17.1006,100.8374,30.61,56,18,0.48,TH,1701928234
427,kohlu,29.8962,69.252,16.92,18,1,0.44,PK,1701928235
428,mashpee,41.6484,-70.4811,1.55,78,0,4.12,US,1701928236
429,malango,-2.9627,119.9001,24.25,92,99,0.84,ID,1701928237
430,cherdakly,54.3594,48.845,-12.03,92,100,3.0,RU,1701928238
431,fastiv,50.0767,29.9177,-6.37,92,100,3.77,UA,1701928240
432,melouza,35.98,4.1867,4.62,89,17,1.74,DZ,1701928241
433,lazaro cardenas,17.9583,-102.2,23.81,83,91,2.23,MX,1701928242
434,kaa-khem,51.6833,94.7333,-10.89,65,98,9.12,RU,1701928243
435,fu'an,27.0892,119.6453,20.87,31,0,0.88,CN,1701928244
436,amursk,50.2261,136.8994,-7.79,88,100,4.05,RU,1701928245
437,sullivan,36.5168,-82.5332,1.55,83,40,2.57,US,1701928246
438,shache,38.4167,77.2406,14.57,11,12,0.86,CN,1701928247
439,aleg,17.0481,-13.9209,22.12,18,59,4.05,MR,1701928248
440,algona,43.07,-94.233,3.4,100,0,3.09,US,1701928248
441,whangarei,-35.7317,174.3239,19.3,71,29,3.66,NZ,1701927973
442,pankovka,58.5,31.1999,-17.16,100,89,1.49,RU,1701928251
443,basco,20.4487,121.9702,23.87,77,99,14.89,PH,1701928251
444,suya,9.4667,3.1833,21.2,24,73,1.02,NG,1701928252
445,alaghsas,17.0187,8.0168,17.94,24,0,3.09,NE,1701928253
446,dryden,49.7833,-92.7503,-1.84,93,20,3.09,CA,1701928254
447,hailey,43.5196,-114.3153,4.92,70,100,1.79,US,1701928165
448,susuman,62.7833,148.1667,-43.9,96,93,0.45,RU,1701928256
449,kavaratti,10.5669,72.642,28.2,69,100,4.33,IN,1701928257
450,helensburgh,56.0061,-4.7265,5.79,95,100,4.92,GB,1701928258
451,illapel,-31.6308,-71.1653,17.73,60,0,0.92,CL,1701928259
452,nyurba,63.2842,118.3319,-45.98,99,88,0.8,RU,1701928260
453,sorong,-0.8833,131.25,28.47,79,24,2.31,ID,1701928261
454,jaisalmer,26.9147,70.9181,22.45,28,0,2.51,IN,1701928262
455,namtsy,62.7161,129.6658,-40.76,95,100,0.94,RU,1701928263
456,bandon,51.7469,-8.7425,10.77,98,100,7.88,IE,1701928264
457,tateyama,34.9833,139.8667,18.94,55,0,15.42,JP,1701928265
458,ancud,-41.8697,-73.8203,8.65,91,48,1.05,CL,1701928267
459,yeniseysk,58.4497,92.1703,-25.59,91,100,2.24,RU,1701928267
460,saudarkrokur,65.7461,-19.6394,-6.78,61,1,3.06,IS,1701928268
461,moura,38.1401,-7.4486,12.06,96,100,1.66,PT,1701928269
462,big bend,-26.8167,31.9333,20.05,100,100,0.51,SZ,1701928270
463,fortaleza,-3.7227,-38.5247,28.93,72,40,4.63,BR,1701928271
464,hami,42.8,93.45,4.29,34,73,0.31,CN,1701928272
465,kayes,14.0,-11.0,22.53,17,10,1.28,ML,1701928273
466,tukrah,32.5341,20.5791,17.18,60,100,5.59,LY,1701928275
467,lhasa,29.65,91.1,7.01,29,85,0.76,CN,1701928276
468,la passe,45.5549,-0.8967,4.43,74,100,6.62,FR,1701928277
469,broome,42.2506,-75.833,-1.57,78,100,4.12,US,1701928278
470,oriximina,-1.7656,-55.8661,24.28,90,15,1.7,BR,1701928280
471,olonets,60.9847,32.9698,-16.65,99,99,1.78,RU,1701928281
472,monze,-16.2833,27.4833,26.07,42,22,3.97,ZM,1701928282
473,beyneu,45.3167,55.2,0.09,59,100,8.56,KZ,1701928283
474,tadine,-21.55,167.8833,24.12,66,100,6.99,NC,1701928284
475,gaya,24.7833,85.0,18.95,100,100,2.06,IN,1701928285
476,tengrela,10.4869,-6.4097,20.42,24,0,0.61,CI,1701928286
477,mao,39.8885,4.2658,9.31,93,20,2.57,ES,1701928287
478,ad dilam,23.9915,47.1627,17.23,20,6,3.34,SA,1701928288
479,biloela,-24.4167,150.5,34.82,22,0,8.62,AU,1701928289
480,osby,56.3816,13.9936,0.01,99,100,2.34,SE,1701928290
481,le port,-20.9373,55.2919,28.98,97,3,1.18,RE,1701928291
482,morondava,-20.2833,44.2833,29.13,68,10,4.37,MG,1701928292
483,fontanelas,38.8472,-9.4372,17.11,94,100,6.53,PT,1701928293
484,al masallamiyya,14.5748,33.3373,25.42,29,51,6.52,SD,1701928294
485,hola,51.5377,23.1902,-0.9,89,100,4.81,PL,1701927754
486,jericho,31.8667,35.45,20.92,81,93,1.65,PS,1701928296
487,inhambane,-23.865,35.3833,25.0,83,75,4.12,MZ,1701928297
488,sabha,27.0377,14.4283,14.24,32,6,4.69,LY,1701928298
489,mahina,-17.5065,-149.489,24.87,88,75,3.6,PF,1701928299
490,kayangel,8.0823,134.7173,28.67,75,99,5.94,PW,1701928300
491,madisonville,37.3281,-87.4989,-0.07,93,2,3.45,US,1701928301
492,dampit,-8.2116,112.7493,28.95,62,90,2.67,ID,1701928302
493,las khorey,11.1595,48.1967,25.8,56,14,4.57,SO,1701928303
494,ende,-8.8432,121.6623,30.46,71,72,1.84,ID,1701928304
495,bamboo flat,11.7,92.7167,30.05,79,40,2.06,IN,1701928305
496,al bardiyah,31.7561,25.0865,16.4,53,100,5.35,LY,1701928307
497,lepsy,46.235,78.9456,-0.46,51,75,5.54,KZ,1701928308
498,yeppoon,-23.1333,150.7333,29.88,65,6,7.22,AU,1701928309
499,tazacorte,28.629,-17.9293,18.54,81,75,4.63,ES,1701928310
500,tromso,69.6496,18.957,-3.99,63,0,9.77,NO,1701928311
501,novodvinsk,64.4165,40.8122,-21.79,96,64,1.7,RU,1701928299
502,balykshi,47.0667,51.8667,-5.0,80,40,9.0,KZ,1701928313
503,qujing,25.4833,103.7833,16.33,52,100,6.69,CN,1701928314
504,santa marta de ortigueira,43.6833,-7.85,14.79,82,100,11.92,ES,1701928315
505,manuguru,17.981,80.7547,26.47,73,99,2.03,IN,1701928316
506,purbalingga,-7.3881,109.3639,30.83,63,72,2.23,ID,1701928317
507,lensk,60.7253,114.9278,-33.86,93,96,1.92,RU,1701928318
508,igrim,63.1906,64.4162,-36.97,97,6,1.12,RU,1701928319
509,bodaybo,57.8506,114.1933,-33.17,97,94,0.26,RU,1701928320
510,arkhangel'sk,64.5401,40.5433,-21.6,76,0,2.0,RU,1701928321
511,coquimbo,-29.9533,-71.3436,13.85,88,0,2.06,CL,1701928322
512,nampula,-15.1165,39.2666,26.26,59,57,3.04,MZ,1701928172
513,gura sutii,44.75,25.5167,3.92,99,100,4.81,RO,1701928324
514,tofol,5.3248,163.0078,27.93,81,98,9.37,FM,1701928326
515,fort-shevchenko,44.5086,50.263,0.91,87,100,11.77,KZ,1701928327
516,garissa,-0.4536,39.6401,28.15,66,55,2.36,KE,1701928328
517,maitum,6.0392,124.4986,29.25,76,99,2.71,PH,1701928329
518,valparaiso,-33.0393,-71.6273,12.8,100,75,0.0,CL,1701928314
519,betio village,1.358,172.9211,28.14,82,100,7.93,KI,1701928331
520,mount isa,-20.7333,139.5,37.87,19,40,5.14,AU,1701928324
521,kone,-21.0595,164.8658,26.79,58,98,4.5,NC,1701928333
522,mhamid,29.82,-5.72,14.14,42,94,2.89,MA,1701928334
523,boden,65.8252,21.6886,-10.0,97,100,0.14,SE,1701928335
524,camden,39.7835,-74.9663,1.84,74,7,0.45,US,1701928336
525,atamyrat,37.8357,65.2106,13.27,32,95,0.79,TM,1701928338
526,donji vakuf,44.1436,17.4,0.35,97,90,1.59,BA,1701928340
527,rio preto da eva,-2.6994,-59.6997,25.48,75,44,0.86,BR,1701928341
528,tangalle,6.024,80.7911,30.09,73,46,2.41,LK,1701928341
529,popondetta,-8.7537,148.2534,31.98,52,99,2.49,PG,1701928342
530,kerman,30.2832,57.0788,8.92,17,0,2.06,IR,1701928344
531,bageshwar,29.85,79.7667,20.61,32,0,1.36,IN,1701928345
532,berdigestyakh,62.0989,126.6992,-39.0,97,97,0.3,RU,1701928346
533,thinadhoo,0.5333,72.9333,27.34,78,98,2.49,MV,1701928347
534,murzuq,25.9155,13.9184,15.08,26,27,3.84,LY,1701928348
535,isiro,2.7739,27.616,21.73,93,21,0.91,CD,1701928349
536,antofagasta,-23.65,-70.4,17.6,81,40,1.8,CL,1701927963
537,nagato,34.3833,131.2,11.59,41,2,4.86,JP,1701928356
538,malvan,16.0667,73.4667,29.3,52,76,1.98,IN,1701928356
539,seydi,39.4816,62.9137,7.1,47,100,5.07,TM,1701928357
540,uruzgan,32.8333,66.0,11.5,15,65,0.58,AF,1701928359
541,ocher,57.8904,54.7202,-31.74,100,33,1.22,RU,1701928361
542,juneau,58.3019,-134.4197,4.12,93,100,7.72,US,1701928206
543,strelka,58.0728,93.0344,-26.8,76,100,2.54,RU,1701928363
544,teloloapan,18.35,-99.85,16.3,70,100,2.04,MX,1701928364
545,laojunmiao,39.8333,97.7333,7.85,12,58,1.9,CN,1701928365
546,saint joseph,39.7686,-94.8466,9.51,64,0,5.14,US,1701928168
547,praia da vitoria,38.7333,-27.0667,17.14,77,20,4.07,PT,1701928367
548,zaozersk,69.4005,32.4476,-18.6,99,73,3.08,RU,1701928368
549,panaba,21.2833,-88.2667,21.06,74,100,2.72,MX,1701928368
550,kyshtovka,56.555,76.6271,-32.59,97,7,3.13,RU,1701928369
551,gokwe,-18.2048,28.9349,23.63,39,53,4.76,ZW,1701928371
552,ponta delgada,37.7333,-25.6667,18.44,82,40,3.09,PT,1701928372
553,tselinnoye,53.0833,85.6667,-15.59,91,100,6.05,RU,1701928373
554,san cristobal,7.7669,-72.225,21.1,67,92,0.94,VE,1701928374
555,grants pass,42.439,-123.3284,8.73,96,100,3.6,US,1701928317
556,datong,40.0936,113.2914,8.13,24,12,5.96,CN,1701928376
557,yermentau,51.6214,73.1069,-18.4,81,100,4.84,KZ,1701928305
558,bernardo de irigoyen,-26.2552,-53.6458,19.42,100,100,1.04,AR,1701928379
559,miasskoye,55.2784,61.8905,-28.41,93,15,3.05,RU,1701928379
560,rameswaram,9.2833,79.3,28.0,78,86,3.06,IN,1701928380
561,djenne,13.9061,-4.5533,22.64,20,0,2.6,ML,1701928381
562,altai,46.3722,96.2583,-4.26,69,97,16.58,MN,1701928382
563,fountain,38.6822,-104.7008,12.6,27,0,3.6,US,1701928383
564,ushibukamachi,32.1906,130.0228,13.96,48,4,6.77,JP,1701928384
565,glace bay,46.1969,-59.957,-0.02,86,100,5.81,CA,1701928385
566,pirae,-17.5167,-149.5333,25.01,88,75,3.6,PF,1701928386
567,bozeman,45.6796,-111.0386,10.68,42,100,4.63,US,1701928287
568,siliguri,26.7,88.4333,26.74,42,95,2.76,IN,1701928388
569,buenaventura,3.8801,-77.0312,23.86,96,100,1.15,CO,1701928389
570,lityn,49.3251,28.0809,-5.02,90,100,4.1,UA,1701928390
571,la ronge,55.1001,-105.2842,0.14,74,75,2.57,CA,1701928392
572,hobyo,5.3505,48.5268,27.42,56,94,9.34,SO,1701928393
573,kristiansund,63.1115,7.732,-1.64,74,0,2.57,NO,1701928394
